County,Cert No
MERCER,2022-C-000537
MERCER,2022-C-000546
MERCER,2022-C-000547
MERCER,2022-C-000554
MERCER,2022-C-000555
MERCER,2022-C-000557
MERCER,2022-C-000559
MERCER,2022-C-000561
MERCER,2022-C-000564
MERCER,2022-C-000565
MERCER,2022-C-000566
MERCER,2022-C-000568
MERCER,2022-C-000569
MERCER,2022-C-000571
MERCER,2022-C-000575
WYOMING,2022-C-000009
WYOMING,2022-C-000015
WYOMING,2022-C-000017
WYOMING,2022-C-000021
WYOMING,2022-C-000027
WYOMING,2022-C-000031
WYOMING,2022-C-000032
WYOMING,2022-C-000033
WYOMING,2022-C-000034
WYOMING,2022-C-000035
WYOMING,2022-C-000036
WYOMING,2022-C-000037
WYOMING,2022-C-000038
WYOMING,2022-C-000039
WYOMING,2022-C-000040
WYOMING,2022-C-000053
WYOMING,2022-C-000059
WYOMING,2022-C-000060
WYOMING,2022-C-000066
WYOMING,2022-C-000067
WYOMING,2022-C-000068
WYOMING,2022-C-000069
